{
  "runs_dirs": [
    "distill_inputs/reinit_K20",
    "distill_inputs/sigma_anneal",
    "phase2_state_space_output/phase2-ss-20260602-175731"
  ],
  "n_trajectories": 25,
  "n_transitions": 3712,
  "n_train": 3341,
  "n_val": 371,
  "val_by_goal": false,
  "trajectory_goals": [
    0,
    1,
    3,
    4,
    6,
    7,
    9,
    10,
    12,
    13,
    15,
    16,
    18,
    19,
    21,
    22,
    24,
    25,
    27,
    28
  ],
  "config": {
    "hidden_dim": 256,
    "n_hidden_layers": 3,
    "tanh_output_scale": 0.5,
    "n_goals": 30
  },
  "target": {
    "mode": "eps_star",
    "horizon": 10,
    "eps_star_alpha": 0.1,
    "drop_trailing_steps": 0,
    "clip_target_delta": null
  },
  "training": {
    "epochs": 300,
    "batch_size": 128,
    "lr": 0.001,
    "weight_decay": 1e-05,
    "seed": 0
  },
  "final_train_loss": 9.320129444219035e-05,
  "final_val_loss": 8.648212678963318e-05,
  "delta_stats": {
    "mean_abs": 0.014067203737795353,
    "max_abs": 0.19740299880504608,
    "std": 0.022118352353572845
  },
  "elapsed_seconds": 8.307785987854004
}